modelo,anomalias_detectadas,proporcion,precision,recall,f1
DBSCAN,124,0.0155,0.024193548387096774,0.1875,0.04285714285714286
GMM,80,0.01,0.0375,0.1875,0.0625
